-- phpMyAdmin SQL Dump
-- version 5.1.1
-- https://www.phpmyadmin.net/
--
-- Hôte : localhost:8889
-- Généré le : mer. 11 jan. 2023 à 20:16
-- Version du serveur : 5.7.34
-- Version de PHP : 8.0.8

SET SQL_MODE = "NO_AUTO_VALUE_ON_ZERO";
START TRANSACTION;
SET time_zone = "+00:00";


/*!40101 SET @OLD_CHARACTER_SET_CLIENT=@@CHARACTER_SET_CLIENT */;
/*!40101 SET @OLD_CHARACTER_SET_RESULTS=@@CHARACTER_SET_RESULTS */;
/*!40101 SET @OLD_COLLATION_CONNECTION=@@COLLATION_CONNECTION */;
/*!40101 SET NAMES utf8mb4 */;

--
-- Base de données : `bddShopMakeUp`
--

-- --------------------------------------------------------

--
-- Structure de la table `categories`
--

CREATE TABLE `categories` (
  `idCategorie` int(10) NOT NULL,
  `libelleCategorie` varchar(255) DEFAULT NULL
) ENGINE=InnoDB DEFAULT CHARSET=utf8;

--
-- Déchargement des données de la table `categories`
--

INSERT INTO `categories` (`idCategorie`, `libelleCategorie`) VALUES
(1, 'Yeux'),
(2, 'Teint'),
(3, 'Sourcil'),
(4, 'Lèvres'),
(5, 'Pinceaux'),
(6, 'Démaquillant'),
(7, 'éponges');

-- --------------------------------------------------------

--
-- Structure de la table `marque`
--

CREATE TABLE `marque` (
  `idMarque` int(10) NOT NULL,
  `libelleMarque` varchar(255) DEFAULT NULL,
  `descriptionMarque` text,
  `slugMarque` varchar(255) DEFAULT NULL
) ENGINE=InnoDB DEFAULT CHARSET=utf8;

--
-- Déchargement des données de la table `marque`
--

INSERT INTO `marque` (`idMarque`, `libelleMarque`, `descriptionMarque`, `slugMarque`) VALUES
(1, 'TARTE', 'Chez tarte, nous croyons à l’abolition des frontières et à la gentillesse. Nous privilégions la haute performance ET le naturel. Nous valorisons la création artistique ET le pouvoir des ingrédients.\n\nLorsqu’il s’agit de notre peau, nous ne faisons aucun compromis, et vous devriez en faire autant.', 'Tarte'),
(2, 'YVES SAINT LAURENT', 'Yves Saint Laurent Beauté est la signature beauté la plus subversive des marques de Couture parisiennes. Bousculez les codes avec YSL Beauté. Oubliez les règles...', 'YVES-SAINT-LAURENT'),
(3, 'DIOR', 'Lorsque Christian Dior crée sa maison de couture, en 1946, il imagine une nouvelle Féminité, plus belle et plus heureuse.\r\n\r\nAujourd’hui, les parfums, les rouges à lèvres, les soins experts et les créations couture de la Maison Dior célèbrent un absolu d’élégance et de créativité.', 'Dior'),
(4, 'GUERLAIN', 'Depuis 1828, Guerlain explore, Guerlain innove, Guerlain sublime. Des créateurs audacieux, des créations mythiques, des savoir-faire transmis et perpétués. La Culture du Beau en signature.', 'GUERLAIN'),
(5, 'NATASHA DENONA', 'Après plus de 20 ans de travail en tant que maquilleuse de renommée mondiale, Natasha Denona a perfectionné ses propres formules d\'ombres à paupières. Parce que les ombres à paupières Natasha Denona sont toujours fabriqués à partir d\'ingrédients riches...', 'NATASHA-DENONA'),
(6, 'MAKE UP FOR EVER', 'MAKE UP FOR EVER est un collectif de makeup artists qui crée des produits et services hautement performants.', 'MAKE-UP-FOR-EVER'),
(7, 'FENTY BEAUTY', 'Rihanna crée Fenty Beauty, une marque \"qui parle à toutes les femmes,\" en se focalisant sur une large gamme de carnations traditionnellement difficiles à maquiller, identifiant des teintes universelles...', 'FENTY-BEAUTY'),
(8, 'SEPHORA COLLECTION', 'Une marque inspirante et toujours en mouvement : c’est ça SEPHORA COLLECTION ! Son but ? Nous aider à créer notre propre beauté. Et pour ça, la marque a justement imaginé des centaines de produits : du maquillage aux soins, du capillaire au parfum, du bain aux compléments alimentaires,… Avec pour mission de démocratiser une beauté performante et engagée dans une démarche responsable : faciles d’utilisation, abordables et accessibles à tous. Collectionnez, jouez, et partagez avec #sephoracollection !', 'SEPHORA-COLLECTION'),
(9, 'HUDA BEAUTY', '\"La beauté peut changer la façon dont les femmes se perçoivent. Je crois qu\'une femme confiante peut conquérir le monde !\". Influenceuse de renommée mondiale basée à Dubai, Huda Kattan fonde en 2013 la marque Huda Beauty.', 'Huda-Beauty');

-- --------------------------------------------------------

--
-- Structure de la table `produit`
--

CREATE TABLE `produit` (
  `libelle` varchar(255) DEFAULT NULL,
  `description` text,
  `ingredient` text,
  `prix` float DEFAULT NULL,
  `conseilUtilisation` text,
  `idMarque` int(10) DEFAULT NULL,
  `slug` varchar(255) DEFAULT NULL,
  `image` varchar(255) DEFAULT NULL,
  `idProduit` int(10) NOT NULL,
  `idCategorie` int(10) DEFAULT NULL
) ENGINE=InnoDB DEFAULT CHARSET=utf8;

--
-- Déchargement des données de la table `produit`
--

INSERT INTO `produit` (`libelle`, `description`, `ingredient`, `prix`, `conseilUtilisation`, `idMarque`, `slug`, `image`, `idProduit`, `idCategorie`) VALUES
('Tartelette™ Juicy Amazonian Clay', 'Qu\'est-ce que c\'est ? la toute nouvelle palette tartelette™ juicy à l\'argile amazonienne de tarte™ est la plus intense de toutes !  Pourquoi on l\'aime ? - 12 teintes intenses dans des tons rosés, bronzes et neutres pour creux de paupières, paupières et liner cette palette est agencée en rangées de couleurs assorties, pour créer des looks simples au quotidien - des argiles colorées enrichies en nutriments uniques pour une peau nourrie - des finis mats, nacrés et métalliques pour une infinité de mélanges', 'MICA, TALC, SILICA, ETHYLHEXYL PALMITATE, ZINC STEARATE, SODIUM DEHYDROACETATE, ALUMINA, VANILLIN, CAPRYLIC/CAPRIC TRIGLYCERIDE, MALTODEXTRIN, CAPRYLYL GLYCOL, PHENOXYETHANOL, HEXYLENE GLYCOL, VANILLA PLANIFOLIA FRUIT EXTRACT, BORON NITRIDE, KAOLIN, TITANIUM DIOXIDE (CI 77891), MANGANESE VIOLET (CI 77742), IRON OXIDES (CI 77491, CI 77492, CI 77499), YELLOW 5 LAKE (CI 19140), CARMINE (CI 75470). (CI 77163). (CI 77510) (CI 77400) (CI 77007) CI  Cette liste d\'ingrédients peut faire l\'objet de modifications, veuillez consulter l\'emballage du produit acheté.', 39.9, 'Nos tarteists ont agencé ces fards intenses en rangées pour un maquillage des yeux simplifié !  Astuce : appliquer petal dans le creux de paupière puis estomper vers le haut. Appliquer blossom sur la paupière. Utiliser reflect pour illuminer l\'arcade sourcilière et le coin interne de l\'œil.', 1, 'Tartelette™-Juicy-Amazonian-Clay', 'paletteYeuxTarte.png', 1, 1),
('Mascara Volume Effet Faux Cils', 'Le mascara effet faux cils pour un volume intense par Yves Saint Laurent. LE Num 1 DES MASCARAS(1) Depuis plus de 15 ans, Mascara Volume Effet Faux Cils reste plus que jamais la référence des mascaras volume. Souvent copié,jamais égalé, il est reconnu pour son volume intense, toujours impeccable jour après jour, allié à une formule soin pour nourrir les cils. Un mascara volume décliné en plusieurs couleurs : Noir Haute Densité (1), Brun Généreux (2), Bleu Extrême (3), Violet Fascinant (4), Bourgogne (5), Nuit Intense (6). FORMULE PERFECTIONNÉE En 2019, Yves Saint Laurent perfectionne son mascara iconique. Découvrez une formule soin enrichie en huile d\'argan et désormais infusée en extrait de noyer pour des cils nourris et plus souples. Deux ingrédients provenant des Jardins de l’Ourika, au Maroc, les premiers jardins dédiés à la culture d’une partie de nos ingrédients signature. Sa brosse iconique reste inchangée pour un volume effet faux cils, impeccable jour après jour. ÉCRIN MODERNISÉ L’écrin Mascara Volume Effet Faux Cils a été modernisé avec un design plus moderne et couture. L\'Or, conservé comme héritage de l\'univers Yves Saint Laurent, se mêle désormais à l\'Argent.', 'AQUA / WATER , PARAFFIN , STEARIC ACID , PALMITIC ACID , COPERNICIA CERIFERA CERA / CARNAUBA WAX , C10-30 CHOLESTEROL/LANOSTEROL ESTERS , CERA ALBA / BEESWAX , TRIETHANOLAMINE , STEARYL STEARATE , SILICA , NYLON-12 , AMINOMETHYL PROPANOL , PHENOXYETHANOL , HYDROXYETHYLCELLULOSE , CANDELILLA CERA / CANDELILLA WAX , DIMETHICONE , MYRISTIC ACID , TOCOPHERYL ACETATE , PANTHENOL , METHYLPARABEN , VP/EICOSENE COPOLYMER , ADIPIC ACID/DIETHYLENE GLYCOL/GLYCERIN CROSSPOLYMER , SORBITAN STEARATE , BUTYLPARABEN , PEG-40 STEARATE , BHT , BEHENIC ACID , ETHYLPARABEN , ARGANIA SPINOSA OIL / ARGANIA SPINOSA KERNEL OIL , RICINUS COMMUNIS OIL / CASTOR SEED OIL , PRUNUS AMYGDALUS DULCIS OIL / SWEET ALMOND OIL , PROPYLPARABEN , CARTHAMUS TINCTORIUS SEED OIL / SAFFLOWER SEED OIL , BENZYL ALCOHOL , PARFUM / FRAGRANCE [+/- MAY CONTAIN: CI 77007 / ULTRAMARINES , CI 77491, CI 77492, CI 77499 / IRON OXIDES , CI 75470 / CARMINE , CI 77891 / TITANIUM DIOXIDE]. (F.I.L. B168248/1).', 39, 'Comment appliquer votre mascara ?\n1. Pour recourber vos cils, commencez l\'application à la racine, au coin externe de l\'œil.\n2. Posez la brosse à la base des cils puis étirez simultanément vers le haut et vers l’extérieur pour bien les séparer en effectuant un mouvement de zigzag.\n3. Pour les cils inférieurs et intérieurs, n’utilisez que la pointe de l’applicateur et maquillez les cils un par un.\n\nL’astuce de notre make-up artist\nPour réveiller votre regard, pensez à appliquer Touche Éclat Le Stylo sur le coin de l’œil et l’arcade sourcilière.', 2, 'Mascara-Volume-Effet-Faux-Cils', 'mascaraIvesSaintLaurent.png', 2, 1),
('Diorskin Forever Undercover', 'Diorskin Forever Undercover est un fond de teint ultra-fluide et haute couvrance, à la tenue 24 h. Experts en matière de types de peau et de tenue, les laboratoires Dior réinventent la correction extrême avec Diorskin Forever Undercover. Conçu dans une large gamme de teintes, des plus claires aux plus foncées, ce fond de teint fluide est capable de fusionner avec différentes tonalités de peau pour un fini mat. Pour Peter Philips, Directeur de la Création et de l’Image du Maquillage Dior, le néo-camouflage, permis par Diorskin Forever Undercover, définit une très haute couvrance, résultat d\'une texture fluide à haute concentration en pigments - pour un produit qui ne se sent pas et ne se voit pas. Test instrumental sur 20 femmes.', '422581\r\n#12305/A CYCLOPENTASILOXANE, AQUA (WATER), ALCOHOL, TRIMETHYLSILOXYSILICATE, PHENYL TRIMETHICONE, PEG-9 POLYDIMETHYLSILOXYETHYL DIMETHICONE, GLYCERIN, SILICA, VINYL DIMETHICONE/METHICONE SILSESQUIOXANE CROSSPOLYMER, DISTEARDIMONIUM HECTORITE, SODIUM MYRISTOYL GLUTAMATE, BUTYLENE GLYCOL, GLYCERYL UNDECYL DIMETHICONE, PHENOXYETHANOL, PROPYLENE CARBONATE, VP/VA COPOLYMER, PARFUM (FRAGRANCE), TETRASODIUM EDTA, ALUMINUM HYDROXIDE, ROSA MULTIFLORA FRUIT EXTRACT, LINALOOL, LIMONENE, CITRONELLOL, BHT, TOCOPHEROL, [+/- :CI 19140 (YELLOW 5, YELLOW 5 LAKE), CI 42090 (BLUE 1 LAKE), CI 77007 (ULTRAMARINES), CI 77163 (BISMUTH OXYCHLORIDE), CI 77491, CI 77492, CI 77499 (IRON OXIDES), CI 77891 (TITANIUM DIOXIDE)].\r\n\r\n422582\r\n#12305/A CYCLOPENTASILOXANE, AQUA (WATER), ALCOHOL, TRIMETHYLSILOXYSILICATE, PHENYL TRIMETHICONE, PEG-9 POLYDIMETHYLSILOXYETHYL DIMETHICONE, GLYCERIN, SILICA, VINYL DIMETHICONE/METHICONE SILSESQUIOXANE CROSSPOLYMER, DISTEARDIMONIUM HECTORITE, SODIUM MYRISTOYL GLUTAMATE, BUTYLENE GLYCOL, GLYCERYL UNDECYL DIMETHICONE, PHENOXYETHANOL, PROPYLENE CARBONATE, VP/VA COPOLYMER, PARFUM (FRAGRANCE), TETRASODIUM EDTA, ALUMINUM HYDROXIDE, ROSA MULTIFLORA FRUIT EXTRACT, LINALOOL, LIMONENE, CITRONELLOL, BHT, TOCOPHEROL, [+/- :CI 19140 (YELLOW 5, YELLOW 5 LAKE), CI 42090 (BLUE 1 LAKE), CI 77007 (ULTRAMARINES), CI 77163 (BISMUTH OXYCHLORIDE), CI 77491, CI 77492, CI 77499 (IRON OXIDES), CI 77891 (TITANIUM DIOXIDE)].\r\n\r\n422583\r\n#12305/A CYCLOPENTASILOXANE, AQUA (WATER), ALCOHOL, TRIMETHYLSILOXYSILICATE, PHENYL TRIMETHICONE, PEG-9 POLYDIMETHYLSILOXYETHYL DIMETHICONE, GLYCERIN, SILICA, VINYL DIMETHICONE/METHICONE SILSESQUIOXANE CROSSPOLYMER, DISTEARDIMONIUM HECTORITE, SODIUM MYRISTOYL GLUTAMATE, BUTYLENE GLYCOL, GLYCERYL UNDECYL DIMETHICONE, PHENOXYETHANOL, PROPYLENE CARBONATE, VP/VA COPOLYMER, PARFUM (FRAGRANCE), TETRASODIUM EDTA, ALUMINUM HYDROXIDE, ROSA MULTIFLORA FRUIT EXTRACT, LINALOOL, LIMONENE, CITRONELLOL, BHT, TOCOPHEROL, [+/- :CI 19140 (YELLOW 5, YELLOW 5 LAKE), CI 42090 (BLUE 1 LAKE), CI 77007 (ULTRAMARINES), CI 77163 (BISMUTH OXYCHLORIDE), CI 77491, CI 77492, CI 77499 (IRON OXIDES), CI 77891 (TITANIUM DIOXIDE)].\r\n\r\n422584\r\n#12305/A CYCLOPENTASILOXANE, AQUA (WATER), ALCOHOL, TRIMETHYLSILOXYSILICATE, PHENYL TRIMETHICONE, PEG-9 POLYDIMETHYLSILOXYETHYL DIMETHICONE, GLYCERIN, SILICA, VINYL DIMETHICONE/METHICONE SILSESQUIOXANE CROSSPOLYMER, DISTEARDIMONIUM HECTORITE, SODIUM MYRISTOYL GLUTAMATE, BUTYLENE GLYCOL, GLYCERYL UNDECYL DIMETHICONE, PHENOXYETHANOL, PROPYLENE CARBONATE, VP/VA COPOLYMER, PARFUM (FRAGRANCE), TETRASODIUM EDTA, ALUMINUM HYDROXIDE, ROSA MULTIFLORA FRUIT EXTRACT, LINALOOL, LIMONENE, CITRONELLOL, BHT, TOCOPHEROL, [+/- :CI 19140 (YELLOW 5, YELLOW 5 LAKE), CI 42090 (BLUE 1 LAKE), CI 77007 (ULTRAMARINES), CI 77163 (BISMUTH OXYCHLORIDE), CI 77491, CI 77492, CI 77499 (IRON OXIDES), CI 77891 (TITANIUM DIOXIDE)].\r\n\r\n422585\r\n#12305/A CYCLOPENTASILOXANE, AQUA (WATER), ALCOHOL, TRIMETHYLSILOXYSILICATE, PHENYL TRIMETHICONE, PEG-9 POLYDIMETHYLSILOXYETHYL DIMETHICONE, GLYCERIN, SILICA, VINYL DIMETHICONE/METHICONE SILSESQUIOXANE CROSSPOLYMER, DISTEARDIMONIUM HECTORITE, SODIUM MYRISTOYL GLUTAMATE, BUTYLENE GLYCOL, GLYCERYL UNDECYL DIMETHICONE, PHENOXYETHANOL, PROPYLENE CARBONATE, VP/VA COPOLYMER, PARFUM (FRAGRANCE), TETRASODIUM EDTA, ALUMINUM HYDROXIDE, ROSA MULTIFLORA FRUIT EXTRACT, LINALOOL, LIMONENE, CITRONELLOL, BHT, TOCOPHEROL, [+/- :CI 19140 (YELLOW 5, YELLOW 5 LAKE), CI 42090 (BLUE 1 LAKE), CI 77007 (ULTRAMARINES), CI 77163 (BISMUTH OXYCHLORIDE), CI 77491, CI 77492, CI 77499 (IRON OXIDES), CI 77891 (TITANIUM DIOXIDE)].\r\n\r\n422586\r\n#12305/A CYCLOPENTASILOXANE, AQUA (WATER), ALCOHOL, TRIMETHYLSILOXYSILICATE, PHENYL TRIMETHICONE, PEG-9 POLYDIMETHYLSILOXYETHYL DIMETHICONE, GLYCERIN, SILICA, VINYL DIMETHICONE/METHICONE SILSESQUIOXANE CROSSPOLYMER, DISTEARDIMONIUM HECTORITE, SODIUM MYRISTOYL GLUTAMATE, BUTYLENE GLYCOL, GLYCERYL UNDECYL DIMETHICONE, PHENOXYETHANOL, PROPYLENE CARBONATE, VP/VA COPOLYMER, PARFUM (FRAGRANCE), TETRASODIUM EDTA, ALUMINUM HYDROXIDE, ROSA MULTIFLORA FRUIT EXTRACT, LINALOOL, LIMONENE, CITRONELLOL, BHT, TOCOPHEROL, [+/- :CI 19140 (YELLOW 5, YELLOW 5 LAKE), CI 42090 (BLUE 1 LAKE), CI 77007 (ULTRAMARINES), CI 77163 (BISMUTH OXYCHLORIDE), CI 77491, CI 77492, CI 77499 (IRON OXIDES), CI 77891 (TITANIUM DIOXIDE)].\r\n\r\n422587\r\n#12305/A CYCLOPENTASILOXANE, AQUA (WATER), ALCOHOL, TRIMETHYLSILOXYSILICATE, PHENYL TRIMETHICONE, PEG-9 POLYDIMETHYLSILOXYETHYL DIMETHICONE, GLYCERIN, SILICA, VINYL DIMETHICONE/METHICONE SILSESQUIOXANE CROSSPOLYMER, DISTEARDIMONIUM HECTORITE, SODIUM MYRISTOYL GLUTAMATE, BUTYLENE GLYCOL, GLYCERYL UNDECYL DIMETHICONE, PHENOXYETHANOL, PROPYLENE CARBONATE, VP/VA COPOLYMER, PARFUM (FRAGRANCE), TETRASODIUM EDTA, ALUMINUM HYDROXIDE, ROSA MULTIFLORA FRUIT EXTRACT, LINALOOL, LIMONENE, CITRONELLOL, BHT, TOCOPHEROL, [+/- :CI 19140 (YELLOW 5, YELLOW 5 LAKE), CI 42090 (BLUE 1 LAKE), CI 77007 (ULTRAMARINES), CI 77163 (BISMUTH OXYCHLORIDE), CI 77491, CI 77492, CI 77499 (IRON OXIDES), CI 77891 (TITANIUM DIOXIDE)].\r\n\r\n422588\r\n#12305/A CYCLOPENTASILOXANE, AQUA (WATER), ALCOHOL, TRIMETHYLSILOXYSILICATE, PHENYL TRIMETHICONE, PEG-9 POLYDIMETHYLSILOXYETHYL DIMETHICONE, GLYCERIN, SILICA, VINYL DIMETHICONE/METHICONE SILSESQUIOXANE CROSSPOLYMER, DISTEARDIMONIUM HECTORITE, SODIUM MYRISTOYL GLUTAMATE, BUTYLENE GLYCOL, GLYCERYL UNDECYL DIMETHICONE, PHENOXYETHANOL, PROPYLENE CARBONATE, VP/VA COPOLYMER, PARFUM (FRAGRANCE), TETRASODIUM EDTA, ALUMINUM HYDROXIDE, ROSA MULTIFLORA FRUIT EXTRACT, LINALOOL, LIMONENE, CITRONELLOL, BHT, TOCOPHEROL, [+/- :CI 19140 (YELLOW 5, YELLOW 5 LAKE), CI 42090 (BLUE 1 LAKE), CI 77007 (ULTRAMARINES), CI 77163 (BISMUTH OXYCHLORIDE), CI 77491, CI 77492, CI 77499 (IRON OXIDES), CI 77891 (TITANIUM DIOXIDE)].\r\n\r\n422589\r\n#12305/A CYCLOPENTASILOXANE, AQUA (WATER), ALCOHOL, TRIMETHYLSILOXYSILICATE, PHENYL TRIMETHICONE, PEG-9 POLYDIMETHYLSILOXYETHYL DIMETHICONE, GLYCERIN, SILICA, VINYL DIMETHICONE/METHICONE SILSESQUIOXANE CROSSPOLYMER, DISTEARDIMONIUM HECTORITE, SODIUM MYRISTOYL GLUTAMATE, BUTYLENE GLYCOL, GLYCERYL UNDECYL DIMETHICONE, PHENOXYETHANOL, PROPYLENE CARBONATE, VP/VA COPOLYMER, PARFUM (FRAGRANCE), TETRASODIUM EDTA, ALUMINUM HYDROXIDE, ROSA MULTIFLORA FRUIT EXTRACT, LINALOOL, LIMONENE, CITRONELLOL, BHT, TOCOPHEROL, [+/- :CI 19140 (YELLOW 5, YELLOW 5 LAKE), CI 42090 (BLUE 1 LAKE), CI 77007 (ULTRAMARINES), CI 77163 (BISMUTH OXYCHLORIDE), CI 77491, CI 77492, CI 77499 (IRON OXIDES), CI 77891 (TITANIUM DIOXIDE)].\r\n\r\n422590\r\n#12305/A CYCLOPENTASILOXANE, AQUA (WATER), ALCOHOL, TRIMETHYLSILOXYSILICATE, PHENYL TRIMETHICONE, PEG-9 POLYDIMETHYLSILOXYETHYL DIMETHICONE, GLYCERIN, SILICA, VINYL DIMETHICONE/METHICONE SILSESQUIOXANE CROSSPOLYMER, DISTEARDIMONIUM HECTORITE, SODIUM MYRISTOYL GLUTAMATE, BUTYLENE GLYCOL, GLYCERYL UNDECYL DIMETHICONE, PHENOXYETHANOL, PROPYLENE CARBONATE, VP/VA COPOLYMER, PARFUM (FRAGRANCE), TETRASODIUM EDTA, ALUMINUM HYDROXIDE, ROSA MULTIFLORA FRUIT EXTRACT, LINALOOL, LIMONENE, CITRONELLOL, BHT, TOCOPHEROL, [+/- :CI 19140 (YELLOW 5, YELLOW 5 LAKE), CI 42090 (BLUE 1 LAKE), CI 77007 (ULTRAMARINES), CI 77163 (BISMUTH OXYCHLORIDE), CI 77491, CI 77492, CI 77499 (IRON OXIDES), CI 77891 (TITANIUM DIOXIDE)].\r\n\r\n422591\r\n#12305/A CYCLOPENTASILOXANE, AQUA (WATER), ALCOHOL, TRIMETHYLSILOXYSILICATE, PHENYL TRIMETHICONE, PEG-9 POLYDIMETHYLSILOXYETHYL DIMETHICONE, GLYCERIN, SILICA, VINYL DIMETHICONE/METHICONE SILSESQUIOXANE CROSSPOLYMER, DISTEARDIMONIUM HECTORITE, SODIUM MYRISTOYL GLUTAMATE, BUTYLENE GLYCOL, GLYCERYL UNDECYL DIMETHICONE, PHENOXYETHANOL, PROPYLENE CARBONATE, VP/VA COPOLYMER, PARFUM (FRAGRANCE), TETRASODIUM EDTA, ALUMINUM HYDROXIDE, ROSA MULTIFLORA FRUIT EXTRACT, LINALOOL, LIMONENE, CITRONELLOL, BHT, TOCOPHEROL, [+/- :CI 19140 (YELLOW 5, YELLOW 5 LAKE), CI 42090 (BLUE 1 LAKE), CI 77007 (ULTRAMARINES), CI 77163 (BISMUTH OXYCHLORIDE), CI 77491, CI 77492, CI 77499 (IRON OXIDES), CI 77891 (TITANIUM DIOXIDE)].\r\n\r\n422592\r\n#12305/A CYCLOPENTASILOXANE, AQUA (WATER), ALCOHOL, TRIMETHYLSILOXYSILICATE, PHENYL TRIMETHICONE, PEG-9 POLYDIMETHYLSILOXYETHYL DIMETHICONE, GLYCERIN, SILICA, VINYL DIMETHICONE/METHICONE SILSESQUIOXANE CROSSPOLYMER, DISTEARDIMONIUM HECTORITE, SODIUM MYRISTOYL GLUTAMATE, BUTYLENE GLYCOL, GLYCERYL UNDECYL DIMETHICONE, PHENOXYETHANOL, PROPYLENE CARBONATE, VP/VA COPOLYMER, PARFUM (FRAGRANCE), TETRASODIUM EDTA, ALUMINUM HYDROXIDE, ROSA MULTIFLORA FRUIT EXTRACT, LINALOOL, LIMONENE, CITRONELLOL, BHT, TOCOPHEROL, [+/- :CI 19140 (YELLOW 5, YELLOW 5 LAKE), CI 42090 (BLUE 1 LAKE), CI 77007 (ULTRAMARINES), CI 77163 (BISMUTH OXYCHLORIDE), CI 77491, CI 77492, CI 77499 (IRON OXIDES), CI 77891 (TITANIUM DIOXIDE)].\r\n\r\n422593\r\n#12305/A CYCLOPENTASILOXANE, AQUA (WATER), ALCOHOL, TRIMETHYLSILOXYSILICATE, PHENYL TRIMETHICONE, PEG-9 POLYDIMETHYLSILOXYETHYL DIMETHICONE, GLYCERIN, SILICA, VINYL DIMETHICONE/METHICONE SILSESQUIOXANE CROSSPOLYMER, DISTEARDIMONIUM HECTORITE, SODIUM MYRISTOYL GLUTAMATE, BUTYLENE GLYCOL, GLYCERYL UNDECYL DIMETHICONE, PHENOXYETHANOL, PROPYLENE CARBONATE, VP/VA COPOLYMER, PARFUM (FRAGRANCE), TETRASODIUM EDTA, ALUMINUM HYDROXIDE, ROSA MULTIFLORA FRUIT EXTRACT, LINALOOL, LIMONENE, CITRONELLOL, BHT, TOCOPHEROL, [+/- :CI 19140 (YELLOW 5, YELLOW 5 LAKE), CI 42090 (BLUE 1 LAKE), CI 77007 (ULTRAMARINES), CI 77163 (BISMUTH OXYCHLORIDE), CI 77491, CI 77492, CI 77499 (IRON OXIDES), CI 77891 (TITANIUM DIOXIDE)].\r\n\r\n422594\r\n#12305/A CYCLOPENTASILOXANE, AQUA (WATER), ALCOHOL, TRIMETHYLSILOXYSILICATE, PHENYL TRIMETHICONE, PEG-9 POLYDIMETHYLSILOXYETHYL DIMETHICONE, GLYCERIN, SILICA, VINYL DIMETHICONE/METHICONE SILSESQUIOXANE CROSSPOLYMER, DISTEARDIMONIUM HECTORITE, SODIUM MYRISTOYL GLUTAMATE, BUTYLENE GLYCOL, GLYCERYL UNDECYL DIMETHICONE, PHENOXYETHANOL, PROPYLENE CARBONATE, VP/VA COPOLYMER, PARFUM (FRAGRANCE), TETRASODIUM EDTA, ALUMINUM HYDROXIDE, ROSA MULTIFLORA FRUIT EXTRACT, LINALOOL, LIMONENE, CITRONELLOL, BHT, TOCOPHEROL, [+/- :CI 19140 (YELLOW 5, YELLOW 5 LAKE), CI 42090 (BLUE 1 LAKE), CI 77007 (ULTRAMARINES), CI 77163 (BISMUTH OXYCHLORIDE), CI 77491, CI 77492, CI 77499 (IRON OXIDES), CI 77891 (TITANIUM DIOXIDE)].\r\n\r\n422595\r\n#12305/A CYCLOPENTASILOXANE, AQUA (WATER), ALCOHOL, TRIMETHYLSILOXYSILICATE, PHENYL TRIMETHICONE, PEG-9 POLYDIMETHYLSILOXYETHYL DIMETHICONE, GLYCERIN, SILICA, VINYL DIMETHICONE/METHICONE SILSESQUIOXANE CROSSPOLYMER, DISTEARDIMONIUM HECTORITE, SODIUM MYRISTOYL GLUTAMATE, BUTYLENE GLYCOL, GLYCERYL UNDECYL DIMETHICONE, PHENOXYETHANOL, PROPYLENE CARBONATE, VP/VA COPOLYMER, PARFUM (FRAGRANCE), TETRASODIUM EDTA, ALUMINUM HYDROXIDE, ROSA MULTIFLORA FRUIT EXTRACT, LINALOOL, LIMONENE, CITRONELLOL, BHT, TOCOPHEROL, [+/- :CI 19140 (YELLOW 5, YELLOW 5 LAKE), CI 42090 (BLUE 1 LAKE), CI 77007 (ULTRAMARINES), CI 77163 (BISMUTH OXYCHLORIDE), CI 77491, CI 77492, CI 77499 (IRON OXIDES), CI 77891 (TITANIUM DIOXIDE)].\"\"\r\n\r\nCette liste d\'ingrédients peut faire l\'objet de modifications, veuillez consulter l\'emballage du produit acheté.', 51, 'Les conseils de Peter Philips :\nUltra-glissante, la texture ne se fixe pas instantanément et peut se travailler aux doigts. On commence par tapoter sur les zones qui nécessitent de la correction, puis on estompe en lissage. Si on cherche une couvrance uniforme sur l’ensemble du visage, on peut utiliser un pinceau fond de teint. La tenue de 24 heures* dispense de faire des retouches en cours de journée. \n\n Test instrumental sur 20 femmes.', 3, 'Diorskin-Forever-Undercover', 'fond-de-teint-dior.png', 3, 2),
('Touche Éclat High Cover', 'Anti-cernes couvrant longue tenue par Yves Saint Laurent.Dissimule instantanément les cernes et camoufle les imperfections. L’ÉCLAT INSTANTANÉ DE 8 HEURES DE SOMMEIL EN UN CLIC. Le stylo iconique Touche Éclat se décline désormais en une formule correcteur anti-cernes alliant la lumière originelle de Touche Éclat à la haute couvrance pour un teint naturellement unifié et un regard parfaitement reposé. 8 femmes sur 10 parlent d’un produit qui réduit les signes de fatigue. Addict d’un teint naturel et lumineux, YSL vous offre une routine teint complète avec le fond de teint Touche Éclat Le Teint, l’illuminateur iconique Touche Éclat, et le nouveau correcteur anti-cernes Touche Éclat High Cover. LE NOUVEAU STYLO CORRECTEUR ANTI-CERNES LUMINEUX ET HAUTE COUVRANCE PAR YSL Hautement concentré en pigments, Touche Éclat High Cover dissimule instantanément les cernes et camoufle les imperfections (rougeurs, taches de dépigmentation, cicatrices d’acné). Sa formule longue tenue enrichie en pigments réflecteurs de lumière révèle un teint naturel, parfaitement unifié et un regard frais et lumineux tout au long de la journée. Grâce à sa texture fluide, souple et ultra-légère, cet anti-cernes fusionne avec la peau sans marquer les ridules et assure un confort optimal pour tous types de peaux, même les plus sèches. LES SECRETS D’UNE FORMULE BOOSTER ANTI-FATIGUE Un complexe anti-fatigue puissant : composé de Ruscus et de Vitamine E anti-oxydants et enrichi en caféine pour stimuler la microcirculation et lutter durablement contre les signes de fatigue. Une formule apaisante : infusée en Calendula provenant des jardins de l’Ourika YSL Beauté au Maroc pour apaiser la peau délicate du contour de l\'œil.', 'CAFFEINE AND RUSCUS EXTRACT: COMBAT UNDER-EYE PUFFINESS AND SWELLING.\r\n-HYALURONIC ACID: HYDRATES.\r\n-VITAMIN E AND CALENDULA EXTRACT: PROVIDE ANTIOXIDANT-RICH SOOTHING, PROTECTION, AND CARE FOR THE DELICATE EYE AREA.\r\n\r\nWATER, CYCLOPENTASILOXANE, HYDROGENATED POLYISOBUTENE, SORBITAN ISOSTEARATE, GLYCERIN, PROPANEDIOL, PROPYLENEGLYCOL, PHENOXYETHANOL, MAGNESIUM SULFATE, DISODIUMSTEAROYL GLUTAMATE, PARAFFIN,DISTEARDIMONIUM HECTORITE, CERAMICROCRISTALLINA/ MICROCRYSTALLINEWAX, CAPRYLYLGLYCOL, SILICASILYLATE, SYNTHETIC WAX,CAFFEINE, ALUMINUM HYDROXIDE,TOCOPHEROL, DISODIUM EDTA, ETHYLHEXYL HYDROXYSTEARATE, CALENDULA OFFICINALIS FLOWERE XTRACT, RUSCUS ACULEATUS ROOT EXTRACT.\r\n\r\n\r\n\r\nCette liste d\'ingrédients peut faire l\'objet de modifications, veuillez consulter l\'emballage du produit acheté.\r\n', 39.9, 'COMMENT APPLIQUER L\'ANTI-CERNES TOUCHE ÉCLAT HIGH COVER ?\r\n\r\nLors de la 1ère utilisation, cliquez plusieurs fois sur le stylo pour imprégner le pinceau de matière.\r\nAppliquez directement avec le pinceau sur les cernes pour gommer les signes de fatigue.\r\nAppliquez directement avec le pinceau sur les zones à imperfections pour les camoufler.\r\n\r\nVOTRE ROUTINE TEINT PARFAIT YSL :\r\n1.Unifiez avec le fond de teint YSL qui vous correspond(1)\r\n- Pour les peaux normales à sèches : Touche Éclat Le Teint - fini naturel et lumineux - couvrance moyenne\r\n- Pour les peaux mixtes à grasses : All Hours Foundation - fini ultra mat longue tenue - haute couvrance\r\n(1) Pour plus d’infos sur les fonds de teint YSL, rendez-vous sur la page produit dédiée.\r\n\r\n\r\n2.Corrigez avec le correcteur anti-cernes Touche Éclat High Cover\r\n3.Illuminez avec l’illuminateur de teint Touche Éclat\r\n', 2, 'Touche-Éclat-High-Cover', 'anti-cerne-ysl.png', 4, 2),
('Terracotta Light La Poudre Éclat Bonne Mine Naturelle', 'Guerlain réinvente la bonne mine en légèreté avec Terracotta Light, la nouvelle poudre bonne mine naturelle. Cette poudre légère est l\'association unique de teintes ensoleillées sublimées par des couleurs vitaminées qui révèlent la bonne mine et l\'éclat naturel de chaque carnation. Avec 96% d\'ingrédients d\'origine naturelle(1), sa texture fusionne instantanément avec la peau pour assurer ce fini bonne mine tout en légéreté. Un teint éclatant, lumineux tout en transparence, pour une bonne mine fraîche et naturellement ensoleillée, toute l\'année 6 nuances conçues pour illuminer toutes les carnations : 3 intensités : Clair, Moyen, Foncé déclinées chacune en 2 tonalités : Rosé et Doré.', 'MICA , SILICA , LAUROYL LYSINE , ZINC STEARATE , BIS-BEHENYL/ISOSTEARYL/PHYTOSTERYL DIMER DILINOLEYL DIMER DILINOLEATE , OCTYLDODECYL STEAROYL STEARATE , DICAPRYLYL ETHER , CELLULOSE , DIMER DILINOLEYL DIMER DILINOLEATE , PARFUM (FRAGRANCE) , KAOLIN , CAPRYLYL GLYCOL , ETHYLHEXYLGLYCERIN , SODIUM DEHYDROACETATE , PENTYLENE GLYCOL , AQUA (WATER) , BUTYLENE GLYCOL , PROPANEDIOL , MEL (HONEY) , GLYCERIN , TOCOPHEROL , BUTYROSPERMUM PARKII (SHEA) SEEDCAKE EXTRACT , [+/- CI 77891 (TITANIUM DIOXIDE) , CI 77163 (BISMUTH OXYCHLORIDE) , CI 77491, CI 77492, CI 77499 (IRON OXIDES) , CI 73360 (RED 30 LAKE)]\r\n\r\nCette liste d\'ingrédients peut faire l\'objet de modifications, veuillez consulter l\'emballage du produit acheté.', 52, 'Le bon geste pour ensoleiller naturellement l\'ensemble du visage : un secret Guerlain, la “gestuelle du 3”.\r\n\r\nPrélevez de la poudre avec le pinceau et appliquez-la sur les bombés du visage en dessinant un \"3\" de chaque côté du visage, du front aux pommettes, puis des pommettes au menton, et enfin en redescendant le long du cou.', 4, 'Terracotta-Light-La-Poudre-Éclat-Bonne-Mine-Naturelle', 'Terracotta-Light.png', 5, 2),
('Bronze Palette', 'Découvrez votre nouvelle palette de fards à paupières d\'été! La palette Bronze est un atout essentiel à votre collection, hautement pigmentée, composée de nuances avec des formules de la plus haute qualité qui se mélangent sans effort. Elle rassemble une gamme de mattes sensuels et crémeux, des fards duochromes vibrants, des métalliques et des fards chatoyants pour créer une variété de looks qui complèteront parfaitement votre lueur d\'été.', '\"Suntan 306CM Code: 17128505 . Sundown 307CM Code: 17128818 . Magma 310CM Code: 17128469 . Ridge 313CM Code: 17128816 . Beach 319CM Code: 17128473 SYNTHETIC FLUORPHLOGOPITE ZINC STEARATEDIMETHICONE TRIETHOXY CAPRYLYL SILANE CAPRYLYL GLYCOL ETHYLHEXYL GLYCERIN HDI/TRIMETHYLOL HEXYLLACTONE CROSSPOLYMER SILICA+/-) / MAY CONTAIN:CI 77891 (TITANIUM DIOXIDE) CI 77491 (IRON OXIDES)CI 77492 (IRON OXIDES) CI 77499 (IRON OXIDES) CI 75470 (CARMINE)CI 19140 (YELLOW 5 LAKE) Deep Dive - MICA DIMETHICONE SQUALANE SILICA TRIMETHYLSILOXYSILICATE HYDROGENATED STYRENE/ISOPRENE COPOLYMER ZINC STEARATE CAPRYLYL GLYCOL ETHYLHEXYLGLYCERIN OCTYLDODECYL STEAROYL STEARATE BORON NITRIDE DIMETHICONE/VINYL DIMETHICONE CROSSPOLYMER PENTAERYTHRITYL TETRA-DI-t-BUTYL HYDROXYHYDROCINNAMATE LAURETH-4 CI 77891 (TITANIUM DIOXIDE) CI 77491 (IRON OXIDES) CI 77492 (IRON OXIDES) CI 77499 (IRON OXIDES) CI 42090 (BLUE 1 LAKE) CI 75470 (CARMINE) CI 77510 (FERRIC AMMONIUM FERROCYANIDE) CI 77007 (ULTRAMARINES) CI 19140 (YELLOW 5 LAKE) . Alloy 312DC Code: 17128465 - TALC CALCIUM ALUMINUM BOROSILICATE OCTYLDODECYL STEAROYL STEARATE CALCIUM SODIUM BOROSILICATE SYNTHETIC FLUORPHLOGOPITE DIISOSTEARYL MALATE SILICA CAPRYLYL GLYCOL ETHYLHEXYLGLYCERIN TIN OXIDE PTFE ZINC STEARATE CI 77891 (TITANIUM DIOXIDE) CI 77491 (IRON OXIDES) CI 77492 (IRON OXIDES) CI 77499 (IRON OXIDES) CI 75470 (CARMINE) Palladium 316M Code: 17128468 - TALC CI 77400 (COPPER POWDER) OCTYLDODECYL STEAROYL STEARATE MICA DIISOSTEARYL MALATE CI 77000 (ALUMINUM POWDER) CI 77491 (IRON OXIDES) SILICA CI 77499 (IRON OXIDES) CAPRYLYL GLYCOL ETHYLHEXYLGLYCERIN PTFE Gloaming 315DC Code: 1712847 - TALC MICA OCTYLDODECYL STEAROYL STEARATE CALCIUM SODIUM BOROSILICATE CI 77891 (TITANIUM DIOXIDE) DIISOSTEARYL MALATE CI 75470 (CARMINE ) CI 77400 (COPPER POWDER) CI 77491 (IRON OXIDES) ALUMINA CI 19140 (YELLOW 5 LAKE) CAPRYLYL GLYCOL ETHYLHEXYLGLYCERIN CI 77499 (IRON OXIDES) SILICA TIN OXIDE PTFE ZINC STEARATE SYNTHETIC FLUORPHLOGOPITE CALCIUM TITANIUM BOROSILICATE CALCIUM ALUMINUM BOROSILICATE ALUMINUM CALCIUM SODIUM SILICATE CI 77492 (IRON OXIDES) Corporate Regulatory Affairs Office CI 77510 (FERRIC FERROCYANIDE) CI 77400 (BRONZE POWDER) True Copper 305M Code: 17128474 - TALC SYNTHETIC FLUORPHLOGOPITE CI 77491 (IRON OXIDES) OCTYLDODECYL STEAROYL STEARATE CALCIUM ALUMINUM BOROSILICATE MICA DIISOSTEARYL MALATE ALUMINA CI 77891 (TITANIUM DIOXIDE) SILICA CAPRYLYL GLYCOL ETHYLHEXYLGLYCERIN TIN OXIDE PTFE ZINC STEARATE CI 77400 (BRONZE POWDER) CI 77400 (COPPER POWDER) CALCIUM TITANIUM BOROSILICATE CALCIUM SODIUM BOROSILICATE ALUMINUM CALCIUM SODIUM SILICATE CI 77492 (IRON OXIDES) CI 77499 (IRON OXIDES) Corporate Regulatory Affairs Office CI 77510 (FERRIC FERROCYANIDE Silk 318M Code: 1712850 - TALC SYNTHETIC FLUORPHLOGOPITE OCTYLDODECYL STEAROYL STEARATE CI 77491 (IRON OXIDES) CALCIUM SODIUM BOROSILICATE MICA DIISOSTEARYL MALATE CI 77891 (TITANIUM DIOXIDE) ALUMINA CAPRYLYL GLYCOL ETHYLHEXYLGLYCERIN TIN OXIDE Rhodium 309DC Code: 17128722 - TALC OCTYLDODECYL STEAROYL STEARATE MICA CI 77491 (IRON OXIDES) SILICA CALCIUM ALUMINUM BOROSILICATE DIISOSTEARYL MALATE CI 77400 (COPPER POWDER) CI 77499 (IRON OXIDES) CI 77492 (IRON OXIDES) CI 77891 (TITANIUM DIOXIDE) CI 75470 (CARMINE) CAPRYLYL GLYCOL ETHYLHEXYLGLYCERIN TIN OXIDE PTFE ZINC STEARATE CI 77400 (BRONZE POWDER) CALCIUM TITANIUM BOROSILICATE CALCIUM SODIUM BOROSILICATE ALUMINUM CALCIUM SODIUM SILICATE ALUMINA Corporate Regulatory Affairs Office SYNTHETIC FLUORPHLOGOPITE CI 77510 (FERRIC FERROCYANIDE High Degree 311M Code: 17128822 -TALC CI 77491 (IRON OXIDES) SYNTHETIC FLUORPHLOGOPITE OCTYLDODECYL STEAROYL STEARATE CI 77400 (COPPER POWDER) CALCIUM TITANIUM BOROSILICATE DIISOSTEARYL MALATE CI 77492 (IRON OXIDES) CI 77499 (IRON OXIDES) CALCIUM SODIUM BOROSILICATE CALCIUM ALUMINUM BOROSILICATE CI 75470 (CARMINE) CI 77891 (TITANIUM DIOXIDE) SILICA CAPRYLYL GLYCOL ETHYLHEXYLGLYCERIN CI 19140 (YELLOW 5 LAKE) TIN OXIDE PTFE ZINC STEARATE CI 77400 (BRONZE POWDER) ALUMINUM CALCIUM SODIUM SILICATE Corporate Regulatory Affairs Office ALUMINA CI 77510 (FERRIC FERROCYANIDE True Bronze 314K Code: 17128823 - TALC CALCIUM SODIUM BOROSILICATE SYNTHETIC FLUORPHLOGOPITE OCTYLDODECYL STEAROYL STEARATE CI 77491 (IRON OXIDES) DIISOSTEARYL MALATE ALUMINA CI 77891 (TITANIUM DIOXIDE) CAPRYLYL GLYCOL ETHYLHEXYLGLYCERIN MICA TIN OXIDE PTFE ZINC STEARATE CALCIUM TITANIUM BOROSILICATE CALCIUM ALUMINUM BOROSILICATE SILICA ALUMINUM CALCIUM SODIUM SILICATE CI 77510 (FERRIC FERROCYANIDE) CI 77492 (IRON OXIDES) Corporate Regulatory Affairs Office CI 77499 (IRON OXIDES) Bliss 317DC Code: 17128851- TALC OCTYLDODECYL STEAROYL STEARATE CI 77891 (TITANIUM DIOXIDE) SYNTHETIC FLUORPHLOGOPITE ALUMINA DIISOSTEARYL MALATE SILICA CI 75470 (CARMINE) CI 77491 (IRON OXIDES) TIN OXIDE CAPRYLYL GLYCOL ETHYLHEXYLGLYCERIN MICA PTFE ZINC STEARATE CI 77007 (ULTRAMARINES) CI 77492 (IRON OXIDES) CI 77499 (IRON OXIDES) CI 42090 (BLUE 1 LAKE) CI 77510 (FERRIC AMMONIUM FERROCYANIDE) CI 19140 (YELLOW 5 LAKE) CI 77400 (BRONZE POWDER) CI 77400 (COPPER POWDER) CI 77000 (ALUMINUM POWDER) CALCIUM TITANIUM BOROSILICATE CALCIUM ALUMINUM BOROSILICATE CALCIUM SODIUM BOROSILICATE ALUMINUM CALCIUM SODIUM SILICATE \"\r\n\r\n\r\n\r\nCette liste d\'ingrédients peut faire l\'objet de modifications, veuillez consulter l\'emballage du produit acheté.', 73, 'Pour les teintes mates, utilisez un pinceau à paupières dense et touffu et appliquez le fard en tapotant, puis estompez pour diffuser. Pour les teintes duo chromes et métallisées, utilisez un pinceau humide ou le bout de votre doigt.', 5, 'Bronze-Pallette', 'NATASHA-DENONA-Bronze-Palette.png', 6, 1),
('Flyliner Feutre Liquide Longue Tenue', 'Votre nouvel eye-liner liquide Flyliner a tout ce qu\'il vous faut pour créer une ligne parfaite, et plus encore. Découvrez la couleur vive et intense d\'un liquide et la texture glissante d\'un gel dans une formule résistante à l\'eau et longue tenue qui sèche rapidement et ne bouge pas. Doté d\'une forme triangulaire qui permet de le saisir facilement, l\'eye-liner Flyliner est l\'outil parfait pour ouvrir votre regard. Tout cela grâce à son extrémité ultra-souple, une innovation exclusive de Fenty Beauty qui permet un flux d\'encre fluide et ininterrompu. En d\'autres termes : Un fini satiné hyper-saturé à chaque application, sans bavure, sans trou et sans reprise nécessaire. Rihanna a même perfectionné le bout fuselé de Flyliner en l\'adaptant à toutes les formes d\'œil, avec une extrémité souple extra-longue pour une polyvalence maximale. Créez des lignes fines ou épaisses, et tout ce qui se trouve entre les deux. Une ligne infinie comme tout le monde en rêve !', 'AQUA/WATER/EAU, BUTYLENE GLYCOL, STYRENE/ACRYLATES COPOLYMER, ACRYLATES COPOLYMER, STYRENE/ACRYLATES/AMMONIUM METHACRYLATE COPOLYMER, BEHENETH-30, PENTYLENE GLYCOL, ALCOHOL, CAPRYLYL GLYCOL, 1,2-HEXANEDIOL, ETHYLHEXYLGLYCERIN, SODIUM LAURETH-12 SULFATE, DISODIUM EDTA, C11-15 PARETH-7, TETRASODIUM EDTA, PHENOXYETHANOL, SODIUM DEHYDROACETATE, POTASSIUM SORBATE, BLACK 2 (CI 77266) (NANO).\r\n\r\n\"\"\r\n\r\nCette liste d\'ingrédients peut faire l\'objet de modifications, veuillez consulter l\'emballage du produit acheté.', 22, 'Secouer avant utilisation. Appliquez avec l\'extrémité le long de la ligne des cils, en appuyant délicatement pour une ligne fine et en augmentant la pression pour une ligne plus épaisse. Pour préserver au mieux l\'efficacité de Flyliner, resserrez fermement le capuchon et rangez le produit avec le capuchon vers le bas.\r\n\r\nConseil de pro :\r\nPour un look naturel, faites des points avec l\'eye-liner entre vos cils et remplissez la base de vos cils.', 7, 'Flyliner-Feutre-Liquide-Longue-Tenue', 'Flyliner.png', 7, 1),
('Waterproof Colored Felt Liner Eyeliner Feutre Coloré Waterproof', 'Libérez votre créativité en un seul trait avec Colorblock liner, l\'eyeliner feutre de SEPHORA COLLECTION au mini format et mini prix. Pour quel type de maquillage ? Créez à l\'infini des looks qui vous ressemblent grâce à cet eyeliner feutre facile à utiliser, que vous soyez débutant ou plus confirmé. Dessinez, gribouillez et réinventez votre propre style avec sa mine souple et précise. Son embout ultra-fin permet de réaliser des tracés modulables sans efforts, pour illustrer toutes vos envies. 6 couleurs sont à découvrir dans un fini mat satiné, pour une longue tenue sans transfert et une couleur intense. Des textures concentrées en pigments pour raviver vos créations et agrandir votre regard. Grâce à son mini prix et son mini format, exprimez votre style sans contraintes.', '01 INK SPLASH\r\n: AQUA (WATER), CI 77266 (BLACK 2) [NANO], METHYLPROPANEDIOL, STYRENE/ACRYLATES COPOLYMER, STYRENE/ACRYLATES/AMMONIUM METHACRYLATE COPOLYMER, CELLULOSE, PEG-60 HYDROGENATED CASTOR OIL, COCO-GLUCOSIDE, POLOXAMER 407, CITRIC ACID, PHENOXYETHANOL, POTASSIUM SORBATE, PHENYLPROPANOL, SODIUM BENZOATE, CAPRYLYL GLYCOL, SODIUM LAURETH-12 SULFATE, SODIUM LAURYL SULFATE, SODIUM DEHYDROACETATE, CINNAMYL ALCOHOL, BENZYL ALCOHOL, BHT.\r\n\r\n02 STORMY WEATHER\r\nAQUA (WATER), STYRENE/ACRYLATES/AMMONIUM METHACRYLATE COPOLYMER, METHYLPROPANEDIOL, CI 77491 (IRON OXIDES), CI 77891 (TITANIUM DIOXIDE), CI 77510 (FERRIC FERROCYANIDE), CELLULOSE, POLOXAMER 407, COCO-GLUCOSIDE, PEG-60 HYDROGENATED CASTOR OIL, PHENOXYETHANOL, STYRENE/ACRYLATES COPOLYMER, POTASSIUM SORBATE, CITRIC ACID, CI 77499 (IRON OXIDES), SODIUM BENZOATE, CAPRYLYL GLYCOL, SODIUM LAURETH-12 SULFATE, SODIUM LAURYL SULFATE, SODIUM DEHYDROACETATE, BHT.\r\n\r\n03 HOT CHOCOLATE\r\nAQUA (WATER), CI 77491 (IRON OXIDES), STYRENE/ACRYLATES/AMMONIUM METHACRYLATE COPOLYMER, METHYLPROPANEDIOL, CELLULOSE, CI 77510 (FERRIC FERROCYANIDE), POLOXAMER 407, COCO-GLUCOSIDE, PEG-60 HYDROGENATED CASTOR OIL, PHENOXYETHANOL, STYRENE/ACRYLATES COPOLYMER, CI 77499 (IRON OXIDES), POTASSIUM SORBATE, SODIUM BENZOATE, CITRIC ACID, CAPRYLYL GLYCOL, SODIUM LAURETH-12 SULFATE, SODIUM LAURYL SULFATE, SODIUM DEHYDROACETATE, BHT.\r\n\r\n04 IN THE NAVY\r\nAQUA (WATER), STYRENE/ACRYLATES/AMMONIUM METHACRYLATE COPOLYMER, CI 77510 (FERRIC FERROCYANIDE), METHYLPROPANEDIOL, CELLULOSE, POLOXAMER 407, CI 77891 (TITANIUM DIOXIDE), COCO-GLUCOSIDE, PEG-60 HYDROGENATED CASTOR OIL, PHENOXYETHANOL, STYRENE/ACRYLATES COPOLYMER, POTASSIUM SORBATE, CITRIC ACID, SODIUM BENZOATE, CAPRYLYL GLYCOL, SODIUM LAURETH-12 SULFATE, SODIUM LAURYL SULFATE, SODIUM DEHYDROACETATE, BHT.\r\n\r\n05 TROPICAL JUICE\r\nAQUA (WATER), STYRENE/ACRYLATES/AMMONIUM METHACRYLATE COPOLYMER, METHYLPROPANEDIOL, CI 77492 (IRON OXIDES), CI 77510 (FERRIC FERROCYANIDE), CELLULOSE, POLOXAMER 407, COCO-GLUCOSIDE, CI 77891 (TITANIUM DIOXIDE), PEG-60 HYDROGENATED CASTOR OIL, PHENOXYETHANOL, STYRENE/ACRYLATES COPOLYMER, POTASSIUM SORBATE, CITRIC ACID, SODIUM BENZOATE, CAPRYLYL GLYCOL, SODIUM LAURETH-12 SULFATE, SODIUM LAURYL SULFATE, SODIUM DEHYDROACETATE, BHT.\r\n\r\n06 POOL PARTY\r\nAQUA (WATER), STYRENE/ACRYLATES/AMMONIUM METHACRYLATE COPOLYMER, CI 77891 (TITANIUM DIOXIDE), METHYLPROPANEDIOL, CI 77510 (FERRIC FERROCYANIDE), CELLULOSE, POLOXAMER 407, COCO-GLUCOSIDE, PEG-60 HYDROGENATED CASTOR OIL, PHENOXYETHANOL, STYRENE/ACRYLATES COPOLYMER, POTASSIUM SORBATE, CITRIC ACID, SODIUM BENZOATE, CAPRYLYL GLYCOL, SODIUM LAURETH-12 SULFATE, SODIUM LAURYL SULFATE, SODIUM DEHYDROACETATE, BHT.\r\n\r\nCette liste d\'ingrédients peut faire l\'objet de modifications, veuillez consulter l\'emballage du produit acheté.', 9.99, 'En utilisation seul :\r\n1. Bien agiter pour une intensité maximale ;\r\n2. Tracer un trait fin ou plus épais le long du ras de cils supérieur, en remontant légérement au niveau du coin externe de l\'oeil pour créer une virgule.\r\n\r\nConseil de pro : effet double couleur\r\n1. Bien agiter pour une intensité maximale ;\r\n2. Avec la teinte noire, tracer un trait de liner au plus proche du ras de cils supérieur ;\r\n3. Avec une couleur pop, créer un effet double liner en traçant un trait de couleur pop au-dessus de la couleur noire.', 8, 'Waterproof-Colored-Felt-Liner-Eyeliner-Feutre-Coloré-Waterproof', 'Waterproof-Colored-Felt-Liner.png', 8, 1),
('Aqua Resist Color Pencil Eyeliner Waterproof', 'Le 1er eyeliner gel 24h et waterproof par MAKE UP FOR EVER. Parfaitement adapté aux yeux sensibles, il allie la facilité d\'application d\'un crayon gel à l\'intensité couleur d\'un liner liquide. Une formule parfaite de cires et d\'émollients crée une texture soyeuse et délivre une couleur intense résistante à l\'eau, qui reste en place quoiqu\'il arrive. Avec AQUA RESIST, vivez entièrement et communiquez votre force à ceux qui vous entourent. Dévoilez ce pouvoir longue durée qui vous fait aller plus loin que vous pensiez et expérimentez pleinement la vie.', 'CI 77499 (IRON OXIDES) , TRIMETHYLSILOXYSILICATE , SYNTHETIC WAX , TRISILOXANE , DIMETHICONE , CERA MICROCRISTALLINA (MICROCRYSTALLINE WAX) , C30-45 ALKYL DIMETHICONE , CI 77510 (FERRIC AMMONIUM FERROCYANIDE) , PHENYLPROPYLDIMETHYLSILOXYSILICATE , CI 77266 [NANO] (BLACK 2) , POLYMETHYLSILSESQUIOXANE , MICA , POLYHYDROXYSTEARIC ACID , DICALCIUM PHOSPHATE , PENTAERYTHRITYL TETRA-DI-T-BUTYL HYDROXYHYDROCINNAMATE , DISTEARDIMONIUM HECTORITE , PROPYLENE CARBONATE , SILICA , CI 77400 (BRONZE POWDER) , CI 77000 (ALUMINUM POWDER) , CI 77891 (TITANIUM DIOXIDE) , SYNTHETIC FLUORPHLOGOPITE , CALCIUM ALUMINUM BOROSILICATE , CALCIUM SODIUM BOROSILICATE , TIN OXIDE. 15008/B\r\n\r\nCette liste d\'ingrédients peut faire l\'objet de modifications, veuillez consulter l\'emballage du produit acheté.', 22, 'Tracez une ligne en pointillée au raz des cils, en commençant du centre de l\'œil vers le coin externe de l\'œil.\r\n\r\nContinuez la ligne pointillée, du coin intérieur de l\'œil vers le centre de l\'oeil.\r\nUtilisez le pinceau # 262 pour joindre les points et créer une ligne fine.', 6, 'Aqua-Resist-Color-Pencil-Eyeliner-Waterproof', 'Aqua-Resist-Color-Pencil.png', 9, 1),
('Le Démaquillage Au Nymphéa', 'Le Démaquillant Yeux et Lèvres démaquille les zones du visage le plus sensibles : paupières, cils et lèvres. Ce démaquillant biphase élimine les résidus de maquillage, même les plus tenaces, tout en procurant une action soin efficace. </br>Infusé de nymphéa français purifiant issu des jardins Dior, le démaquillant yeux et lèvres est composé à 98 %(1) d\'ingrédients d\'origine naturelle. Infusé d\'huile de jojoba réconfortante, il retire les impuretés et toutes traces de maquillage, apaise et parfait le démaquillage.</br>Utilisez quotidiennement le démaquillant biphase à l’aide d’un coton.', 'LE NYMPHÉA PURIFIANT ISSU DU NOUVEAU JARDIN DIOR</br>Le nymphéa purifiant infusé dans la formule du Démaquillant Yeux et Lèvres est un actif reconnu pour sa capacité à purifier son environnement. La clé de cette propriété purifiante est le phénomène de chélation qui consiste à piéger et retenir les impuretés, comme les métaux lourds, afin qu\'ils ne se propagent pas dans l\'eau. Infusé dans Le Démaquillant Yeux et Lèvres, le nymphéa participe à purifier(1) la peau.', 43, '1. Agitez le flacon du Démaquillant Yeux et Lèvres avant de l\'utiliser, de manière à ce que les phases aqueuse et huileuse se mélangent bien.</br>2. Imbibez un coton du démaquillant, nettoyez les paupières, puis le contour des yeux. Imbibez de nouveau le coton, pressez-le doucement pendant quelques secondes sur vos cils, puis faites-le glisser délicatement afin de les démaquiller.</br>3. Utilisez un autre coton pour démaquiller vos lèvres', 3, NULL, 'Le-Démaquillage-Au-Nymphéa.png', 10, 6),
('Kabuki Reboot 112', 'L\'outil idéal pour appliquer REBOOT FOND DE TEINT SOIN MULTI-ACTIF</br>Les makeup artists(1) de MAKE UP FOR EVER ont créé un pinceau pour appliquer REBOOT FOND DE TEINT SOIN MULTI-ACTIF : le Pinceau Fond de Teint Flouteur 112.</br>Pourquoi nous l\'adorons ?</br>La densité des fibres du nouveau pinceau #112 a été choisie pour permettre d\'appliquer la matière en la lissant sur la peau ou en la tapotant.</br>Sa forme ergonomique, légèrement biseautée suit harmonieusement les contours du visage.</br>A l\'application, ses poils restent en place et offrent une agréable sensation sur la peau. Son manche court et épais permet une prise en main optimale.</br>Pour une expérience d\'application optimisée:</br>Modulez votre couvrance : pour plus de couvrance sur certaines zones, appliquez le fond de teint en tapotant à l\'aide de votre pinceau #112', NULL, 47, '1. UNIFIER</br>TFM TECHNIQUE</br>Commencer par appliquer une ou deux pressions de fond de teint à partir du centre du visage vers l\'extérieur.</br>2. SUBLIMER</br>TAPOTER</br>Renforcer la couvrance du fond de teint sur certaines zones en tapotant à l\'aide du pinceau Flouteur.', 6, NULL, 'Kabuki-Reboot-112.png', 11, 5),
('Gel Sourcils Transparent Clear Brow Gel', 'Un gel sourcils transparent SEPHORA COLLECTION pour fixer et discipliner vos sourcils. Pour quel type de maquillage ? La formule, légère et incolore, permet de fixer les sourcils sans effet cartonné pour un fini naturel et longue tenue. Résultat : vos sourcils sont disciplinés et restent en place toute la journée', 'AQUA (WATER) , ALCOHOL DENAT. , PVP , CARBOMER , PHENOXYETHANOL , POTASSIUM HYDROXIDE , BENZYL ALCOHOL , PROPYLENE GLYCOL , SODIUM BENZOATE , ETHYLHEXYLGLYCERIN , TOCOPHEROL.', 12.99, 'Peut être utilisé seul ou comme couche finale sur d\'autres produits Sephora Collection pour les sourcils.', 8, 'Gel-Sourcils-Transparent-Clear-Brow-Gel', 'Gel-Sourcils-Transparent.png', 12, 3),
('Rouge Is Not My Name', 'Sephora Collection bouscule les codes du traditionnel rouge à lèvres satin avec ROUGE IS NOT MY NAME. Une formule puissante toute en souplesse qui combine en un seul passage couleur vibrante, longue tenue et hydratation 8h. • Type de produit : Rouge à lèvres</br> • Fini : Satiné </br> • Bénéfices : Couleur intense, Longue tenue, Hydratant </br></br>PLUS QU\'UNE SIMPLE COULEUR </br> C\'est d\'abord la promesse d\'un stick fondant ultra sensoriel qui délivre dès le premier passage une couleur explosive et éclatante. Comment ? Les pigments infusés dans la formule sont enrobés d\'huiles pour révéler toute leur intensité dans un film couleur lumineux et haute couvrance. Un fini satiné facile à porter à retrouver dans 20 teintes saturées des plus nudes(1) aux plus audacieuses. </br></br> UNE TEXTURE ULTRA FLEXIBLE : NE CRAQUE PAS, NE S\'ESTOMPE PAS, NE FILE PAS </br></br> Pas de compromis sur le confort ! Avec sa texture fine, extra souple et moderne ROUGE IS NOT MY NAME s\'adapte aux mouvements des lèvres et reste confortable tout au long de la journée. Sa couleur longue tenue conserve sa fraîcheur sans s\'affadir, sans craqueler ou filer avec le temps. Résultat ? Les lèvres sont souples et galbées, comme repulpées par la couleur. </br></br> UNE FORMULE QUI PREND SOIN DES LEVRES </br></br> Naturellement présents dans le corps, les céramides, renforcent la barrière cutanée et protègent la peau de la perte en eau. Avec sa formule soin gorgée de cet actif d\'origine naturelle, le rouge satin enveloppe les lèvres et permet une hydratation pendant 8h. Les lèvres sont douces, lissées et plus belles jour après jour. </br></br> SON PLUS ? </br></br> Le rouge à lèvres a été fabriqué en France dans une démarche responsable : il est composé à 60% de plastique recyclé et ne contient pas de lest. Sa formule est vegan car elle ne contient pas d\'ingrédient d\'origine animale.', '10 MORE IS MORE </br> POLYGLYCERYL-2 TRIISOSTEARATE , POLYBUTENE , PENTAERYTHRITYL TETRAISOSTEARATE , HYDROGENATED POLYDECENE , OCTYLDODECANOL , HYDROGENATED POLYISOBUTENE , SYNTHETIC WAX , CERA MICROCRISTALLINA (MICROCRYSTALLINE WAX) , METHYL HYDROGENATED ROSINATE , C10-18 TRIGLYCERIDES , CI 15985 (YELLOW 6 LAKE) , CI 19140 (YELLOW 5 LAKE) , CI 15850 (RED 7 LAKE) , C12-15 ALKYL BENZOATE , CI 77891 (TITANIUM DIOXIDE) , ETHYLENE/PROPYLENE COPOLYMER , LIMNANTHES ALBA (MEADOWFOAM) SEED OIL , ZEA MAYS (CORN) STARCH , BUTYROSPERMUM PARKII BUTTER (BUTYROSPERMUM PARKII (SHEA BUTTER)) , SYNTHETIC FLUORPHLOGOPITE , CI 77491 (IRON OXIDES) , CERAMIDE NP , STEARALKONIUM HECTORITE , PARFUM (FRAGRANCE) , TOCOPHEROL , PROPYLENE CARBONATE , AMMONIUM GLYCYRRHIZATE , TOCOPHERYL ACETATE , CITRIC ACID.', 13.99, 'COMMENT APPLIQUER SON ROUGE A LEVRES LONGUE TENUE ? </br>La forme du raisin a été travaillée avec une make up artist pour épouser parfaitement la forme naturelle des lèvres et faciliter l\'application de la texture en quelques gestes. </br> Commencer par l\'arc de cupidon en partant du cœur des lèvres vers les commissures. </br> Répéter l\'opération sur la 2e moitié de la lèvre supérieure.\r\nTerminer de la même façon par la lèvre inférieure en partant des commissures vers le centre des lèvres. </br> Pour un résultat encore plus net, le rouge à lèvres peut être associé à un crayon lèvres pour en définir les contours. \r\n', 8, 'Rouge-Is-Not-My-Name', 'Rouge-Is-Not-My-Name.png', 13, 4),
('Matte Power Bullet Rouge À Lèvres Mat', 'Le rouge à lèvres mat ultra-pigmenté Power Bullet de Huda Beauty offre une couleur saturée inégalée et un confort absolu. </br> La particularité de ce rouge à lèvres sans transfert est qu\'il est élaboré pour sublimer tous les types de peaux, pour une pigmentation hors pair et un confort absolu. Chaque teinte hyper-pigmentée a été mise au point grâce à une formule sur mesure pour permettre une application intégrale et uniforme. Sa luxueuse texture mate est enrichie à l\'huile d\'amande douce nourrissante pour faciliter l\'application, sans bavure, et procurer hydratation et douceur pour des lèvres plus pulpeuses.', 'BACHELORETTE </br> ISONONYL ISONONANOATE, POLYMETHYLSILSESQUIOXANE, SQUALANE, HYDROGENATED POLYISOBUTENE, POLYETHYLENE, SYNTHETIC WAX, CAPRYLIC/CAPRIC TRIGLYCERIDE, C30-45 ALKYL DIMETHICONE, DIMETHICONE/ VINYL DIMETHICONE CROSSPOLYMER, STEARALKONIUM BENTONITE, CETYL DIMETHICONE, DIMETHICONE, AROMA (FLAVOR), PENTAERYTHRITYL TETRA-DI-T- BUTYL HYDROXYHYDROCIN- NAMATE, PROPYLENE CARBONATE, LAURETH-4, MICA, DICALCIUM PHOSPHATE, TIN OXIDE, [+/- CI 77891 (TITANIUM DIOXIDE), CI 77491 (IRON OXIDES), CI 15850 (RED 6), CI 15850 (RED 7 LAKE), CI 45410 (RED 28 LAKE), CI 73360 (RED 30 LAKE), CI 42090 (BLUE 1 LAKE), CI 19140 (YELLOW 5 LAKE), CI 15985 (YELLOW 6 LAKE)].', 24, 'Conseils d\'utilisation et astuces beauté :</br>- Dessinez le contour de vos lèvres à l\'aide de l\'extrémité pointue de l\'embout.</br>- Remplissez l\'intérieur des lèvres à l\'aide de l\'extrémité plate de l\'embout en commençant par le centre et en étirant vers les bords extérieurs.</br>- Superposez des couches jusqu\'à obtenir le niveau d\'impact désiré.', 9, 'Matte-Power-Bullet-Rouge-À-Lèvres-Mat', 'Matte-Power-Bullet-Rouge-À-Lèvres-Mat.png', 14, 4),
('Beauty Blender', 'Sa mousse veloutée est conçue pour être utilisée humide. Le Beautyblender devient alors ultra doux et imite les pores pour faciliter l’application et offrir un fini aérien naturel, digne d’une pro.</br>En plus, il absorbe l’eau, pas le maquillage, pour que vos formules favorites finissent sur votre peau, pas dans votre éponge.', 'Non-latex foam.', 18, 'Beautyblender® est facile à utiliser : il suffit d’humecter, presser et tamponner votre base, fond de teint, poudre, fard à joues en crème ou tout autre produit pour le teint sur le visage, pour un résultat impeccable.Vous pouvez extraire l’excédent à l’aide d’une serviette.', 8, NULL, 'Beauty-Blender.png', 15, 7),
('Lingettes Démaquillantes Et Exfoliantes Lingettes Compostables', 'Nos lingettes compostables* prennent soin de votre peau. Les lingettes démaquillantes et exfoliantes SEPHORA COLLECTION prennent soin de votre peau tout en la nettoyant et en éliminant les impuretés.Sensorielles, efficaces et formulées à 99% d\'ingrédients d\'origine naturelle, elles sont enrichies en extraits végétaux et fabriquées dans un tissu en fibres végétales : la combinaison gagnante pour démaquiller et éliminer les impuretés en douceur.', 'Les lingettes compostables* font le plein de super-ingrédients.\r\nAfin de s\'adapter à tous les besoins de votre peau, les lingettes démaquillantes et exfoliantes SEPHORA COLLECTION ont été formulées à base d\'extraits végétaux triés sur le volet et délivrent tout le pouvoir des fruits et des plantes :\r\n- Noix de coco** : Connue pour sa teneur en acides gras, elle possède des propriétés hydratantes idéales pour les peaux sèches !\r\n- Pastèque** : Gorgée d\'eau, elle est connue pour sa concentration en sucres et protéines qui aident à maintenir l\'hydratation de la peau.\r\n- Aloe vera** : Il est doté d\'une forte résistance à la chaleur. Riche en sucres, protéines et acides aminés, il hydrate la peau et la protège de la déshydratation.\r\n- Huile de chanvre** : Notre huile de chanvre obtenue à partir des graines de la plante pressées à froid. Sa concentration en acides gras essentiels aide la peau à retrouver son confort.\r\n- Charbon** : Il est d\'origine végétale et provient de France. Il possède des propriétés exfoliantes et purifiantes qui font de lui le meilleur allié des peaux mixtes à grasses.\r\n- Pamplemousse** : Cet agrume, connu pour sa teneur en vitamines, unifie le teint et donne un coup d\'éclat à la peau !', 5.99, 'Comment utiliser nos lingettes démaquillantes :\r\nPassez délicatement la lingette sur le visage et les yeux. Inutile de rincer. Bien refermer le capot et le film plastique après usage afin de conserver la fraîcheur des lingettes.\r\n\r\nPrécautions d\'emploi : n\'abandonnez pas votre lingette dans la nature, ni dans les toilettes, à jeter dans une poubelle. Disponibles dans un format de 20 ou 10 lingettes.\r\n\r\nLingettes démaquillantes : oui au démaquillage express\r\nVisage, yeux : nos lingettes délivrent tout le pouvoir des fruits et des plantes pour débarrasser la peau des impuretés et démaquiller en douceur.\r\nIdéales pour une utilisation quotidienne ou d\'appoint (comme en voyage ou après le sport).\r\n\r\nLingettes exfoliantes : deux faces, deux effets pour un soin complet\r\nNos lingettes exfoliantes SEPHORA COLLECTION possèdent deux faces :\r\n- une face légèrement embossée pour débarrasser la peau des cellules mortes et des impuretés, massez délicatement le visage en insistant sur la zone T,\r\n- une face plus lisse pour nettoyer et démaquiller.La première étape d\'une routine de soin\r\nVoilà votre peau prête à être chouchoutée. Pour parfaire votre routine beauté, appliquez quelques gouttes de notre sérum éclat, ou l\'un des masques en tissu SEPHORA COLLECTION eux aussi formulés avec des extraits végétaux, idéal pour faire le plein de bonnes choses.', 8, NULL, 'Lingettes-Demaquillantes.png', 16, 6);
INSERT INTO `produit` (`libelle`, `description`, `ingredient`, `prix`, `conseilUtilisation`, `idMarque`, `slug`, `image`, `idProduit`, `idCategorie`) VALUES
('Pinceau TERRACOTTA', 'Guerlain réinvente la bonne mine en légèreté avec Terracotta Light, la nouvelle poudre bonne mine naturelle. Cette poudre légère est l\'association unique de teintes ensoleillées sublimées par des couleurs vitaminées qui révèlent la bonne mine et l\'éclat naturel de chaque carnation.Avec 96% d\'ingrédients d\'origine naturelle(1), sa texture fusionne instantanément avec la peau pour assurer ce fini bonne mine tout en légéreté.Un teint éclatant, lumineux tout en transparence, pour une bonne mine fraîche et naturellement ensoleillée, toute l\'année. 6 nuances conçues pour illuminer toutes les carnations : 3 intensités : Clair, Moyen, Foncé déclinées chacune en 2 tonalités : Rosé et Doré.', 'Avec 96% d\'ingrédients d\'origine naturelle, sa texture fusionne instantanément avec la peau pour assurer ce fini bonne mine tout en légéreté.', 43.5, 'Le bon geste pour ensoleiller naturellement l\'ensemble du visage : un secret Guerlain, la “gestuelle du 3”.\r\nPrélevez de la poudre avec le pinceau et appliquez-la sur les bombés du visage en dessinant un \"3\" de chaque côté du visage, du front aux pommettes, puis des pommettes au menton, et enfin en redescendant le long du cou.', 4, NULL, 'Pinceau-TERRACOTTA.png', 17, 5),
('Pinceau Kabuki SEPHORA COLLECTION', 'POURQUOI ON AIME ? Un format pratique à emporter partout, qui peut s\'utiliser avec des poudres et avec des blushs.Un petit pinceau teint SEPHORA COLLECTION au manche court avec une houppe à la coupe arrondie pour appliquer une poudre ou un blush.Comment l\'utiliser ? Ce petit pinceau à la tête dense et ultra douce assure une application lisse et uniforme de toutes les poudres. Son format pratique peut-être emporté partout.', 'Ce pinceau est Vegan : ses poils sont fabriqués à partir de fibres synthétiques.Ce pinceau et son étui ont été développés dans une démarche responsable :\r\n- Le papier de l\'étui et le bois du manche sont issus de forêts gérées durablement.\r\n- L\'encre sur l\'étui est d\'origine végétale.Fibres : Poils synthétiques', 12.99, '1- Après avoir prélevé la poudre, procédez par de larges mouvements circulaires en commençant par le front.\r\n2- Balayez tout le visage du centre vers l\'extérieur.\r\n\r\nBien nettoyer le pinceau à l\'aide du nettoyant pinceau après utilisation, puis le laisser sécher à l\'horizontal pour préserver chacun des côtés.', 8, NULL, 'Pinceau-Kabuki.png', 18, 5),
('Set Pinceaux Yeux', 'Set de 4 pinceaux yeux Vegan pour un maquillage facile et réussi. Un kit de pinceaux complet pour le maquillage des yeux qui vous plaît. Pour quel type de maquillage ? 4 pinceaux yeux pour un maquillage yeux facile  Avec ce kit, choisir le bon pinceau devient facile ! Sephora Collection a regroupé dans ce set les 4 pinceaux yeux indispensables pour réaliser facilement n’importe quel maquillage des yeux : un pinceau Creux de paupières, un pinceau Creux de paupières précision, un pinceau Estompeur et un pinceau Ombre à paupières. Chaque pinceau a été sélectionné pour élaborer tous les types de looks, du simple aplat au smoky eyes* en passant par un cut crease** élaboré ! Des pinceaux yeux responsables et 100% Vegans Engagée dans une démarche responsable, Sephora Collection propose des pinceaux yeux Vegans avec des poils en fibres synthétiques.  Les manches sont eux en bois issu de forêts gérées durablement et le plastique de l’emballage a été remplacé par du carton. Un étui malin pour transporter vos pinceaux yeux  Les 4 pinceaux yeux de ce set sont accompagnés d\'un étui solide.  Recyclable et plus respectueux de la planète, cet étui graphique peut être détourné pour un usage déco. Il pourra par exemple servir  pour ranger tous vos indispensables maquillage. De plus, une pochette en tissu complète ce set. Malin pour protéger et ranger vos pinceaux mais aussi pour les glisser dans votre trousse à maquillage ou dans votre sac à main, afin de les transporter partout ! ', 'Fibres : Poils synthétiques', 22.99, 'Ombre à paupières </br> Ce pinceau must-have à l\'extrémité arrondie permet d\'appliquer les ombres à paupières en base sur toute la paupière, ou de manière plus localisée pour réaliser des dégradés. </br> Astuce : Pour plus d\'intensité, mouiller le pinceau avant application. </br> Creux paupières </br>  Un pinceau qui, grâce à sa tête courte en forme de dôme et aux poils denses et larges, permet d\'épouser le creux de la paupière et de maquiller avec précision le haut de la paupière mobile. </br> Astuce : Utiliser une ombre à paupière plus foncée pour intensifier le regard.</br> Creux paupières précision Ce pinceau permet d\'estomper les fards avec précision grâce à sa tête étroite en forme de dôme. </br>Astuce : Idéal pour créer des charbonneux intenses. </br> Estompeur  </br> Un pinceau yeux à la tête plate, aux poils serrés et courts pour estomper avec précision en ras de cils. </br> Astuce : Permet de réaliser des dégradés avec précision', 8, NULL, 'Set-Pinceaux-Yeux.png', 19, 5),
('Les Démaquillants De Beauté', 'Cette huile bi-phasée démaquillante, Beauté des Yeux de Guerlain, à la fraîcheur extrême nettoie tout en respectant les yeux sensibilisés par les lentilles de contact. Le confort est immédiat, la sensation de netteté est saisissante. Son secret de beauté ? Un actif fortifiant, qui renforce les cils* pour un regard qui s\'embellit au fil des jours…', 'L\'Huile de fleur de nigelle : Trésor des Terres d\'Orient, la fleur de nigelle, aux pétales d\'un bleu hypnotique, possède un fabuleux pouvoir antioxydant et anti-inflammatoire connu depuis l\'Antiquité. Libérée des impuretés, la peau reprend son souffle et révèle un éclat vibrant.', 39, 'Bien agiter avant emploi. Passer le coton humidifié sur les paupières et les cils pour un démaquillage rapide et efficace. Pour le visage, découvrez le Lait de Beauté, la Crème de Beauté, L\'Eau de Beauté et la Mousse de Beauté.', 4, NULL, 'Les-Démaquillants-De-Beauté.png', 20, 6),
('Lil Precision Makeup Sponge Duo', 'Estompez votre maquillage avec une précision extrême. Le duo d\'éponges Lil Precision Makeup 105 réunit deux formes uniques de mini-éponges de maquillage pour couvrir tous vos besoins d\'estompage.</br>L\'éponge à trois côtés présente une extrémité en forme de larme, idéale pour les zones les plus difficiles à atteindre, par exemple le contour du nez et les coins intérieurs des yeux.</br>Sa précision permet de facilement cibler les moindres taches et imperfections. </br>L\'éponge à deux côtés présente une extrémité inclinée qui permet une application contrôlée en pointillés.</br>Elle présente également une extrémité douce et innovante spécialement conçue pour l\'application de la poudre de finition.</br>Peu importe la formule, liquide, crème ou poudre, le duo d\'éponges Lil Precision Makeup 105 vous permet de personnaliser votre couvrance pour un résultat rapide, facile et homogène à chaque application.', NULL, 18, 'Masquez, dessinez le contour de votre visage et fixez votre maquillage avec une précision révolutionnaire :</br>- Pour une précision maximale, utilisez l\'éponge à trois côtés : son extrémité en forme de larme est idéale pour une couvrance optimale, et ce même dans les zones les plus difficiles à atteindre.</br>- Pour un estompage et une application contrôlés, essayez l\'éponge à deux côtés, qui est dotée d\'une extrémité douce et innovante conçue pour appliquer la poudre de finition !</br>À utiliser mouillée pour une couvrance progressive ou sèche pour une couvrance totale.', 7, NULL, 'Lil-Precision-Makeup-Sponge-Duo.png', 21, 7),
('The Basic B Sponge Applicator', 'Une éponge à maquillage double face idéale pour appliquer et mélanger toutes vos formules de maquillage pour un teint parfait, zéro défaut.</br>Quelle que soit la formule de votre maquillage (poudre, crème ou liquide), cette éponge permet une application contrôlée et une finition aérienne parfaite, sans gaspillage. </br> L\'éponge Basic B arbore une forme de goutte pour s\'adapter aux courbes et aux contours naturels du visage.', 'Synthétique.', 19, '1. Mouillez l\'éponge.</br>2. Essorez l\'éponge dans une serviette pour retirer l\'excédent d\'eau.</br>3. Utilisez la surface incurvée pour mélanger et étaler la formule, et la surface plate pour une application précise du maquillage.</br>4. Lavez l\'éponge et laissez-la sécher après chaque utilisation.', 9, NULL, 'The-Basic-B-Sponge-Applicator.png', 22, 7),
('Dior Addict', 'Dior Addict, le rouge à lèvres brillant Dior se réinvente dans un écrin rechargeable ultra-couture. Désormais composée à 90 %(1) d’ingrédients d\'origine naturelle, sa formule hydrate les lèvres pendant 24 h(2) et les pare d\'une brillance à la tenue 6 h(3).</br>Ultra-fondante, sa texture fine glisse sur les lèvres pour leur apporter un confort instantané. Infusé de cire de jasmin et d\'huiles végétales, le rouge à lèvres Dior Addict sublime les lèvres et les habille de couleurs intenses.</br>L\'étui du rouge à lèvres Dior Addict est surmonté d\'une perle argentée gravée des initiales « CD » et embossé du logo Dior Oblique qui lui confère toute son élégance.</br>Rechargeable, Dior Addict s’ancre dans la démarche d’éco-conception de la Maison', '#16224 METHYL HYDROGENATED ROSINATE , SQUALANE , POLYGLYCERYL-2 TRIISOSTEARATE , HELIANTHUS ANNUUS (SUNFLOWER) SEED WAX , DIMER DILINOLEYL DIMER DILINOLEATE , HYDROGENATED STYRENE/METHYLSTYRENE/INDENE COPOLYMER , SORBITAN OLIVATE , STEARYL HEPTANOATE , TRIMETHYLOLPROPANE TRIISOSTEARATE , CERA ALBA (BEESWAX) , STEARYL CAPRYLATE , SUCROSE TETRASTEARATE TRIACETATE , ORYZA SATIVA (RICE) BRAN WAX , CALCIUM ALUMINUM BOROSILICATE , JASMINUM OFFICINALE (JASMINE) FLOWER WAX , PRUNUS DOMESTICA SEED OIL , PARFUM (FRAGRANCE) , ALUMINUM HYDROXIDE , PENTAERYTHRITYL TETRA-DI-T-BUTYL HYDROXYHYDROCINNAMATE , PROPYL GALLATE , TOCOPHEROL , TOCOPHERYL ACETATE , JASMINUM GRANDIFLORUM (JASMINE) FLOWER EXTRACT , [+/- CI 15985 (YELLOW 6 LAKE) , CI 77491 (IRON OXIDES) , CI 15850 (RED 7) , CI 42090 (BLUE 1 LAKE)]', 42, '1. Préparez et exfoliez vos lèvres avec Lip Sugar Scrub, puis retirez l\'excédent.</br>2. Hydratez et donnez du volume à vos lèvres avec Dior Addict Lip Maximizer Serum </br>3. Appliquez deux couches de Dior Addict du milieu des lèvres, jusqu\'à l\'arc de Cupidon, puis étirez jusqu\'aux coins extérieurs, ou appliquez à l\'envie, en un seul geste, pour une couleur ultra-brillante et des lèvres hydratées et confortables.', 3, NULL, 'dior-addict.png', 23, 4),
('#BOMBBROWS Crayon À Sourcils Micro Précision', 'Découvrez le crayon à sourcils rétractable Microshade Brow Pencil d\'Huda Beauty. Grâce à sa pointe ultra-fine de 0,9 mm, ce crayon permanent définit les sourcils, les dessine et les comble avec précision. Digne d\'un microblading, il permet de former de minuscules traits naturels pour un rendu impeccable.</br>Particularités :</br>Ce crayon à sourcils waterproof riche en pigments et ultra-soyeux est enrichi d\'un mélange velouté de vitamine E et d\'huile de noix de coco ainsi que l\'huile de ricin aidant les sourcils à conserver leurs formes. Ses traits doux s\'appliquent et se fondent sans effort pour obtenir un résultat semblable aux sourcils naturels. Son extrémité en spirale durable permet de diffuser la dose parfaite de pigments afin de moduler et personnaliser chaque look pour un microshading de qualité.</br>Disponible en 8 teintes naturelles, sa formule waterproof ne file pas et résiste aux transferts. Elle offre des résultats longue tenue pour des sourcils naturels trompe-l\'œil.', 'STEARIC ACID, HYDROGENATED CASTOR OIL, RHUS SUCCEDANEA FRUIT WAX, SYNTHETIC FLUORPHLOGOPITE, TRIMETHYLOLPROPANE TRIISOSTEARATE, BIS- BEHENYL/ISOSTEARYL/PHYTOSTERYL DIMER DILINOLEYL DIMER DILINOLEATE, POLYGLYCERYL-2 TRIISOSTEARATE, JOJOBA ESTERS, RICINUS COMMUNIS (CASTOR) SEED OIL, COCOS NUCIFERA (COCONUT) OIL, TOCOPHEROL, LECITHIN, ALUMINUM HYDROXIDE, CITRIC ACID, TITANIUM DIOXIDE / CI 77891, IRON OXIDES / CI 77492, IRON OXIDES / CI 77499, IRON OXIDES / CI 77491.', 11.9, 'Conseils d\'utilisation du Microshade Brow Pencil :</br>1. Brossez : Utilisez la spirale pour brosser vos sourcils vers le haut. Cette étape permet d\'identifier les zones à combler.</br>2. Dessinez : Tournez le crayon pour extraire 1 mm de produit. Commencez au milieu du sourcil et progressez vers la pointe, en intensifiant la couleur vers la pointe si vous le souhaitez. Estompez les bords avec la brosse à spirale.</br>3. Comblez : Dessinez des traits courts, vers le haut, pour imiter votre sourcil naturel et comblez délicatement les zones éparses à l\'aide d\'un crayon.</br>- L\'astuce de Huda : Même sur des sourcils clairsemés, une petite quantité suffit pour obtenir des sourcils naturels et impeccables. Au lieu de recouvrir la totalité du sourcil, concentrez-vous sur les zones éparses. Grâce à sa pointe ultrafine et à sa forte pigmentation, une légère pression suffit pour créer votre look.</br>4. Déployez : Une fois la forme et le résultat souhaités obtenus, brossez vos sourcils pour obtenir un résultat homogène.', 9, NULL, 'BOMBBROWS-Crayon-À-Sourcils-Micro-Précision.png', 24, 3),
('Busy Gal Brow', 'Gel sourcils waterproof 3-en-1 teinté qui donne forme, tenue & couleur subtile aux sourcils pour les dompter & teinter en quelques secondes.</br>Remet rapidement en place les sourcils indisciplinés, comble les zones éparses et teint les poils gris ou clairs.</br>Un gel sourcil  ultra-fin et ultra-précis pour une définition subtile ou des sourcils prononcés.</br>Gel non-collant infusé à l\'argile amazonienne.</br>Formule waterproof pour tenir les sourcils en place longtemps.', 'Water/Aqua/Eau, cyclopentasiloxane, talc, trimethylsiloxysilicate, methyl methacrylate crosspolymer, PEG-10 dimethicone, dimethicone/vinyl dimethicone crosspolymer, methylpropanediol, 1,2-hexanediol, butylene glycol, digenea simplex extract, dimethicone, disteardimonium hectorite, ethyl hexanediol, ethylhexylglycerin, kaolin, laminaria japonica extract, magnesium aluminum silicate, magnesium sulfate, mica, montmorillonite, oryza sativa (rice) extract, phenoxyethanol, propylene glycol, silica dimethyl silylate, tocopherol, triethoxycaprylylsilane, undaria pinnatifida extract, vaccinium angustifolium (blueberry) fruit extract. (+/-) : Ultramarines (CI 77007), iron oxides (CI 77491, CI 77492, CI 77499), titanium dioxide (CI 77891). \"\"', 25, 'Appliquer le long de votre courbe naturelle avec des gestes courts et vers le haut.', 1, NULL, 'Busy-Gal-Brow.png', 25, 3);

-- --------------------------------------------------------

--
-- Structure de la table `utilisateur`
--

CREATE TABLE `utilisateur` (
  `idUtilisateur` int(10) NOT NULL,
  `nom` varchar(255) DEFAULT NULL,
  `prenom` varchar(255) DEFAULT NULL,
  `mail` varchar(255) DEFAULT NULL,
  `statut` varchar(255) DEFAULT NULL,
  `password` varchar(255) DEFAULT NULL
) ENGINE=InnoDB DEFAULT CHARSET=utf8;

--
-- Déchargement des données de la table `utilisateur`
--

INSERT INTO `utilisateur` (`idUtilisateur`, `nom`, `prenom`, `mail`, `statut`, `password`) VALUES
(1, 'Sillam', 'Noa', 'noasillam@gmail.com', 'Admin', '03ab7ba1f6c2d05668c0283a76f4f0e5eeb223f5102472ab35cf1cd60640d95c5ae8b23bb58e3da395a04aed482c0b6d9f8eeb5d52af1568a837a1b0be0917be'),
(5, 'Sillam', 'Noa', 'aaa@gmail.com', 'Admin', '85b1f2a5447f8045219b3c5e19c2da1d4ac38c263794b441e7ae91eb1cf054131f4f683f1aafc1ac427a15e5ea06007d725c94bf8420165dce0a4124854bcc18'),
(6, 'Demo', 'Demo', 'demo', 'Admin', '26c669cd0814ac40e5328752b21c4aa6450d16295e4eec30356a06a911c23983aaebe12d5da38eeebfc1b213be650498df8419194d5a26c7e0a50af156853c79');

--
-- Index pour les tables déchargées
--

--
-- Index pour la table `categories`
--
ALTER TABLE `categories`
  ADD PRIMARY KEY (`idCategorie`);

--
-- Index pour la table `marque`
--
ALTER TABLE `marque`
  ADD PRIMARY KEY (`idMarque`);

--
-- Index pour la table `produit`
--
ALTER TABLE `produit`
  ADD PRIMARY KEY (`idProduit`),
  ADD KEY `categ` (`idCategorie`),
  ADD KEY `marque` (`idMarque`);

--
-- Index pour la table `utilisateur`
--
ALTER TABLE `utilisateur`
  ADD PRIMARY KEY (`idUtilisateur`);

--
-- AUTO_INCREMENT pour les tables déchargées
--

--
-- AUTO_INCREMENT pour la table `categories`
--
ALTER TABLE `categories`
  MODIFY `idCategorie` int(10) NOT NULL AUTO_INCREMENT, AUTO_INCREMENT=8;

--
-- AUTO_INCREMENT pour la table `marque`
--
ALTER TABLE `marque`
  MODIFY `idMarque` int(10) NOT NULL AUTO_INCREMENT, AUTO_INCREMENT=10;

--
-- AUTO_INCREMENT pour la table `produit`
--
ALTER TABLE `produit`
  MODIFY `idProduit` int(10) NOT NULL AUTO_INCREMENT, AUTO_INCREMENT=28;

--
-- AUTO_INCREMENT pour la table `utilisateur`
--
ALTER TABLE `utilisateur`
  MODIFY `idUtilisateur` int(10) NOT NULL AUTO_INCREMENT, AUTO_INCREMENT=7;

--
-- Contraintes pour les tables déchargées
--

--
-- Contraintes pour la table `produit`
--
ALTER TABLE `produit`
  ADD CONSTRAINT `categ` FOREIGN KEY (`idCategorie`) REFERENCES `categories` (`idCategorie`),
  ADD CONSTRAINT `marque` FOREIGN KEY (`idMarque`) REFERENCES `marque` (`idMarque`);
COMMIT;

/*!40101 SET CHARACTER_SET_CLIENT=@OLD_CHARACTER_SET_CLIENT */;
/*!40101 SET CHARACTER_SET_RESULTS=@OLD_CHARACTER_SET_RESULTS */;
/*!40101 SET COLLATION_CONNECTION=@OLD_COLLATION_CONNECTION */;
